"","x"
"1","https://stackoverflow.com/questions/5963269/how-to-make-a-great-r-reproducible-example"
"2","https://stackoverflow.com/questions/1299871/how-to-join-merge-data-frames-inner-outer-left-right"
"3","https://stackoverflow.com/questions/5890584/how-to-reshape-data-from-long-to-wide-format"
"4","https://stackoverflow.com/questions/9508518/why-are-these-numbers-not-equal"
"5","https://stackoverflow.com/questions/3505701/grouping-functions-tapply-by-aggregate-and-the-apply-family"
"6","https://stackoverflow.com/questions/17499013/how-do-i-make-a-list-of-data-frames"
"7","https://stackoverflow.com/questions/1660124/how-to-sum-a-variable-by-group"
"8","https://stackoverflow.com/questions/2185252/reshaping-data-frame-from-wide-to-long-format"
"9","https://stackoverflow.com/questions/3418128/how-to-convert-a-factor-to-an-integer-numeric-without-a-loss-of-information"
"10","https://stackoverflow.com/questions/1296646/how-to-sort-a-dataframe-by-columns"
"11","https://stackoverflow.com/questions/19226816/how-can-i-view-the-source-code-for-a-function"
"12","https://stackoverflow.com/questions/25721884/how-should-i-deal-with-package-xxx-is-not-available-for-r-version-x-y-z-wa"
"13","https://stackoverflow.com/questions/13773770/split-comma-separated-column-into-separate-rows"
"14","https://stackoverflow.com/questions/1727772/quickly-reading-very-large-tables-as-dataframes-in-r"
"15","https://stackoverflow.com/questions/18222286/dynamically-select-data-frame-columns-using-and-a-vector-of-column-names"
"16","https://stackoverflow.com/questions/5208679/order-bars-in-ggplot2-bar-graph"
"17","https://stackoverflow.com/questions/8091303/simultaneously-merge-multiple-data-frames-in-a-list"
"18","https://stackoverflow.com/questions/9723208/aggregate-summarize-multiple-variables-per-group-i-e-sum-mean-etc"
"19","https://stackoverflow.com/questions/4350440/split-a-column-of-a-data-frame-to-multiple-columns"
"20","https://stackoverflow.com/questions/21982987/mean-per-group-in-a-data-frame"
"21","https://stackoverflow.com/questions/3099219/plot-with-2-y-axes-one-y-axis-on-the-left-and-another-y-axis-on-the-right"
"22","https://stackoverflow.com/questions/15933958/collapse-concatenate-aggregate-a-column-to-a-single-comma-separated-string-w"
"23","https://stackoverflow.com/questions/9860090/why-is-better-than-subset"
"24","https://stackoverflow.com/questions/9617348/reshape-three-column-data-frame-to-matrix-long-to-wide-format"
"25","https://stackoverflow.com/questions/1169456/the-difference-between-and-notations-for-accessing-the-elements-of-a-lis"
"26","https://stackoverflow.com/questions/1195826/drop-factor-levels-in-a-subsetted-data-frame"
"27","https://stackoverflow.com/questions/6242955/converting-year-and-month-yyyy-mm-format-to-a-date"
"28","https://stackoverflow.com/questions/5812493/adding-leading-zeros-using-r"
"29","https://stackoverflow.com/questions/7027288/error-could-not-find-function-in-r"
"30","https://stackoverflow.com/questions/12466493/reshaping-multiple-sets-of-measurement-columns-wide-format-into-single-columns"
"31","https://stackoverflow.com/questions/4862178/remove-rows-with-nas-missing-values-in-data-frame"
"32","https://stackoverflow.com/questions/7854433/finding-all-duplicate-rows-including-elements-with-smaller-subscripts"
"33","https://stackoverflow.com/questions/16596515/aggregating-by-unique-identifier-and-concatenating-related-values-into-a-string"
"34","https://stackoverflow.com/questions/2275896/is-rs-apply-family-more-than-syntactic-sugar"
"35","https://stackoverflow.com/questions/10225098/understanding-exactly-when-a-data-table-is-a-reference-to-vs-a-copy-of-another"
"36","https://stackoverflow.com/questions/2908822/speed-up-the-loop-operation-in-r"
"37","https://stackoverflow.com/questions/11322801/transpose-reshape-dataframe-without-timevar-from-long-to-wide-format"
"38","https://stackoverflow.com/questions/11433432/importing-multiple-csv-files-into-r"
"39","https://stackoverflow.com/questions/16573995/subset-by-group-with-data-table"
"40","https://stackoverflow.com/questions/7549694/adding-regression-line-equation-and-r2-on-graph"
"41","https://stackoverflow.com/questions/24480031/roll-join-with-start-end-window"
"42","https://stackoverflow.com/questions/7735647/replacing-nas-with-latest-non-na-value"
"43","https://stackoverflow.com/questions/6644997/showing-data-values-on-stacked-bar-chart-in-ggplot2"
"44","https://stackoverflow.com/questions/12925063/numbering-rows-within-groups-in-a-data-frame"
"45","https://stackoverflow.com/questions/1741820/assignment-operators-in-r-and"
"46","https://stackoverflow.com/questions/1358003/tricks-to-manage-the-available-memory-in-an-r-session"
"47","https://stackoverflow.com/questions/13294952/left-align-two-graph-edges-ggplot"
"48","https://stackoverflow.com/questions/4605206/drop-data-frame-columns-by-name"
"49","https://stackoverflow.com/questions/7355187/error-in-if-while-condition-missing-value-where-true-false-needed"
"50","https://stackoverflow.com/questions/27721008/how-do-i-deal-with-special-characters-like-in-my-regex"
"51","https://stackoverflow.com/questions/16275149/does-ifelse-really-calculate-both-of-its-vectors-every-time-is-it-slow"
"52","https://stackoverflow.com/questions/9809166/count-number-of-rows-within-each-group"
"53","https://stackoverflow.com/questions/6053620/calculate-group-mean-or-other-summary-stats-and-assign-to-original-data"
"54","https://stackoverflow.com/questions/6558921/r-boolean-operators-and"
"55","https://stackoverflow.com/questions/2547402/is-there-a-built-in-function-for-finding-the-mode"
"56","https://stackoverflow.com/questions/1474081/how-do-i-install-an-r-package-from-source"
"57","https://stackoverflow.com/questions/12193779/how-to-write-trycatch-in-r"
"58","https://stackoverflow.com/questions/6675066/ggplots-qplot-does-not-execute-on-sourcing"
"59","https://stackoverflow.com/questions/3777174/plotting-two-variables-as-lines-using-ggplot2-on-the-same-graph"
"60","https://stackoverflow.com/questions/1169539/linear-regression-and-group-by-in-r"
"61","https://stackoverflow.com/questions/4227223/r-list-to-data-frame"
"62","https://stackoverflow.com/questions/7069076/split-column-at-delimiter-in-data-frame"
"63","https://stackoverflow.com/questions/13649979/what-specifically-are-the-dangers-of-evalparse"
"64","https://stackoverflow.com/questions/1523126/how-to-read-data-when-some-numbers-contain-commas-as-thousand-separator"
"65","https://stackoverflow.com/questions/3253641/change-the-order-of-a-discrete-x-scale"
"66","https://stackoverflow.com/questions/11562656/calculate-mean-per-group-mean-by-group"
"67","https://stackoverflow.com/questions/13967063/remove-duplicated-rows"
"68","https://stackoverflow.com/questions/11308367/error-in-my-code-object-of-type-closure-is-not-subsettable"
"69","https://stackoverflow.com/questions/2851327/convert-a-list-of-data-frames-into-one-data-frame"
"70","https://stackoverflow.com/questions/2894775/replicate-each-row-of-data-frame-and-specify-the-number-of-replications-for-each"
"71","https://stackoverflow.com/questions/11996135/create-a-sequential-number-counter-for-rows-within-each-group-of-a-dataframe"
"72","https://stackoverflow.com/questions/19253820/how-to-implement-coalesce-efficiently-in-r"
"73","https://stackoverflow.com/questions/1395528/scraping-html-tables-into-r-data-frames-using-the-xml-package"
"74","https://stackoverflow.com/questions/743812/calculating-moving-average"
"75","https://stackoverflow.com/questions/2679193/how-to-name-variables-on-the-fly"
"76","https://stackoverflow.com/questions/2641653/pass-a-data-frame-column-name-to-a-function"
"77","https://stackoverflow.com/questions/1686569/filtering-a-data-frame"
"78","https://stackoverflow.com/questions/25925556/gather-multiple-sets-of-columns"
"79","https://stackoverflow.com/questions/7450600/count-number-of-observations-rows-per-group-and-add-result-to-data-frame"
"80","https://stackoverflow.com/questions/9028662/predict-maybe-im-not-understanding-it"
"81","https://stackoverflow.com/questions/8161836/how-do-i-replace-na-values-with-zeros-in-an-r-dataframe"
"82","https://stackoverflow.com/questions/2261079/how-to-trim-leading-and-trailing-whitespace-in-r"
"83","https://stackoverflow.com/questions/5171593/memory-management-cannot-allocate-vector-of-size-n-mb"
"84","https://stackoverflow.com/questions/3402371/combine-two-data-frames-by-rows-rbind-when-they-have-different-sets-of-columns"
"85","https://stackoverflow.com/questions/3057341/how-to-use-rs-ellipsis-feature-when-writing-your-own-function"
"86","https://stackoverflow.com/questions/3318333/split-a-vector-into-chunks-in-r"
"87","https://stackoverflow.com/questions/3494593/shading-a-kernel-density-plot-between-two-points"
"88","https://stackoverflow.com/questions/25889234/error-unexpected-symbol-input-string-constant-numeric-constant-special-in-my-co"
"89","https://stackoverflow.com/questions/12064202/using-aggregate-to-apply-several-functions-on-several-variables-in-one-call"
"90","https://stackoverflow.com/questions/11105131/cannot-install-r-forge-package-using-install-packages"
"91","https://stackoverflow.com/questions/4442518/general-suggestions-for-debugging-in-r"
"92","https://stackoverflow.com/questions/30738974/rjava-load-error-in-rstudio-r-after-upgrading-to-osx-yosemite"
"93","https://stackoverflow.com/questions/11952706/generate-a-dummy-variable"
"94","https://stackoverflow.com/questions/15303283/how-to-do-vlookup-and-fill-down-like-in-excel-in-r"
"95","https://stackoverflow.com/questions/2851015/convert-data-frame-columns-from-factors-to-characters"
"96","https://stackoverflow.com/questions/1743698/evaluate-expression-given-as-a-string"
"97","https://stackoverflow.com/questions/10349206/add-legend-to-ggplot2-line-plot"
"98","https://stackoverflow.com/questions/5788117/only-read-limited-number-of-columns"
"99","https://stackoverflow.com/questions/3695497/show-instead-of-counts-in-charts-of-categorical-variables"
"100","https://stackoverflow.com/questions/26291988/how-to-create-a-lag-variable-within-each-group"
"101","https://stackoverflow.com/questions/13559076/convert-continuous-numeric-values-to-discrete-categories-defined-by-intervals"
"102","https://stackoverflow.com/questions/8197559/emulate-ggplot2-default-color-palette"
"103","https://stackoverflow.com/questions/3443687/formatting-decimal-places-in-r"
"104","https://stackoverflow.com/questions/1815606/rscript-determine-path-of-the-executing-script"
"105","https://stackoverflow.com/questions/3932038/plot-a-legend-outside-of-the-plotting-area-in-base-graphics"
"106","https://stackoverflow.com/questions/17421776/how-to-add-count-of-unique-values-by-group-to-r-data-frame"
"107","https://stackoverflow.com/questions/3302356/how-to-split-a-data-frame"
"108","https://stackoverflow.com/questions/18487109/create-counter-with-multiple-variables"
"109","https://stackoverflow.com/questions/1189759/expert-r-users-whats-in-your-rprofile"
"110","https://stackoverflow.com/questions/2564258/plot-two-graphs-in-same-plot-in-r"
"111","https://stackoverflow.com/questions/5352099/how-to-disable-scientific-notation-in-r"
"112","https://stackoverflow.com/questions/12409960/ggplot2-annotate-outside-of-plot"
"113","https://stackoverflow.com/questions/16129902/explain-a-lazy-evaluation-quirk"
"114","https://stackoverflow.com/questions/13566562/add-id-column-by-group"
"115","https://stackoverflow.com/questions/28702960/find-complement-of-a-data-frame-anti-join"
"116","https://stackoverflow.com/questions/15376075/cluster-analysis-in-r-determine-the-optimal-number-of-clusters"
"117","https://stackoverflow.com/questions/6099243/read-an-excel-file-directly-from-a-r-script"
"118","https://stackoverflow.com/questions/1497539/fitting-a-density-curve-to-a-histogram-in-r"
"119","https://stackoverflow.com/questions/17735859/for-each-row-return-the-column-name-of-the-largest-value"
"120","https://stackoverflow.com/questions/7962267/cbind-a-df-with-an-empty-df-cbind-fill"
"121","https://stackoverflow.com/questions/15913417/why-does-data-table-update-namesdt-by-reference-even-if-i-assign-to-another-v"
"122","https://stackoverflow.com/questions/24558328/how-to-select-the-row-with-the-maximum-value-in-each-group"
"123","https://stackoverflow.com/questions/28729506/combine-multiple-columns-into-tidy-data"
"124","https://stackoverflow.com/questions/1923273/counting-the-number-of-elements-with-the-values-of-x-in-a-vector"
"125","https://stackoverflow.com/questions/6142944/how-can-i-plot-with-2-different-y-axes"
"126","https://stackoverflow.com/questions/9950144/access-lapply-index-names-inside-fun"
"127","https://stackoverflow.com/questions/1395229/increasing-or-decreasing-the-memory-available-to-r-processes"
"128","https://stackoverflow.com/questions/12391950/select-assign-to-data-table-variables-which-names-are-stored-in-a-character-ve"
"129","https://stackoverflow.com/questions/44200195/how-to-debug-contrasts-can-be-applied-only-to-factors-with-2-or-more-levels-er"
"130","https://stackoverflow.com/questions/18306362/run-r-script-from-command-line"
"131","https://stackoverflow.com/questions/13022299/specify-custom-date-format-for-colclasses-argument-in-read-table-read-csv"
"132","https://stackoverflow.com/questions/5251507/how-to-succinctly-write-a-formula-with-many-variables-from-a-data-frame"
"133","https://stackoverflow.com/questions/2375587/reorder-levels-of-a-factor-without-changing-order-of-values"
"134","https://stackoverflow.com/questions/5048638/automatically-expanding-an-r-factor-into-a-collection-of-1-0-indicator-variables"
"135","https://stackoverflow.com/questions/6668963/how-to-prevent-ifelse-from-turning-date-objects-into-numeric-objects"
"136","https://stackoverflow.com/questions/39137110/what-does-the-following-object-is-masked-from-packagexxx-mean"
"137","https://stackoverflow.com/questions/11612235/select-rows-from-a-data-frame-based-on-values-in-a-vector"
"138","https://stackoverflow.com/questions/6434663/looping-over-a-datetime-object-results-in-a-numeric-iterator"
"139","https://stackoverflow.com/questions/11806501/how-to-escape-backslashes-in-r-string"
"140","https://stackoverflow.com/questions/20204257/subset-data-frame-based-on-number-of-rows-per-group"
"141","https://stackoverflow.com/questions/13726894/strptime-as-posixct-and-as-date-return-unexpected-na"
"142","https://stackoverflow.com/questions/32543340/behavior-ggplot2-aes-in-combination-with-facet-grid-when-passing-variable-wi"
"143","https://stackoverflow.com/questions/7019912/using-the-rjava-package-on-win7-64-bit-with-r"
"144","https://stackoverflow.com/questions/3053833/using-r-to-download-zipped-data-file-extract-and-import-data"
"145","https://stackoverflow.com/questions/17082341/installing-older-version-of-r-package"
"146","https://stackoverflow.com/questions/2895319/how-to-add-texture-to-fill-colors-in-ggplot2"
"147","https://stackoverflow.com/questions/6836409/finding-local-maxima-and-minima"
"148","https://stackoverflow.com/questions/32988099/data-table-objects-not-printed-after-returned-from-function"
"149","https://stackoverflow.com/questions/3541713/how-to-plot-two-histograms-together-in-r"
"150","https://stackoverflow.com/questions/6919025/how-to-assign-colors-to-categorical-variables-in-ggplot2-that-have-stable-mappin"
"151","https://stackoverflow.com/questions/7597559/grep-using-a-character-vector-with-multiple-patterns"
"152","https://stackoverflow.com/questions/3311940/r-rjava-package-install-failing"
"153","https://stackoverflow.com/questions/14124373/combine-base-and-ggplot-graphics-in-r-figure-window"
"154","https://stackoverflow.com/questions/26003574/r-dplyr-mutate-use-dynamic-variable-names"
"155","https://stackoverflow.com/questions/5758084/loop-in-r-loading-files"
"156","https://stackoverflow.com/questions/24237399/how-to-select-the-rows-with-maximum-values-in-each-group-with-dplyr"
"157","https://stackoverflow.com/questions/16657512/apply-function-conditionally"
"158","https://stackoverflow.com/questions/7194688/using-ggplot2-can-i-insert-a-break-in-the-axis"
"159","https://stackoverflow.com/questions/33507868/is-there-a-dplyr-equivalent-to-data-tablerleid"
"160","https://stackoverflow.com/questions/25297812/pair-wise-duplicate-removal-from-dataframe"
"161","https://stackoverflow.com/questions/21435339/data-table-vs-dplyr-can-one-do-something-well-the-other-cant-or-does-poorly"
"162","https://stackoverflow.com/questions/1429907/workflow-for-statistical-analysis-and-report-writing"
"163","https://stackoverflow.com/questions/15170399/changing-r-default-library-path-using-libpaths-in-rprofile-site-fails-to-work"
"164","https://stackoverflow.com/questions/7235657/fastest-way-to-replace-nas-in-a-large-data-table"
"165","https://stackoverflow.com/questions/10790204/how-to-delete-a-row-by-reference-in-data-table"
"166","https://stackoverflow.com/questions/17198658/how-to-parse-xml-to-r-data-frame"
"167","https://stackoverflow.com/questions/2287616/controlling-number-of-decimal-digits-in-print-output-in-r"
"168","https://stackoverflow.com/questions/7142767/why-are-loops-slow-in-r"
"169","https://stackoverflow.com/questions/16846380/how-to-apply-same-function-to-every-specified-column-in-a-data-table"
"170","https://stackoverflow.com/questions/25314336/extract-the-maximum-value-within-each-group-in-a-dataframe"
"171","https://stackoverflow.com/questions/14543627/extracting-numbers-from-vectors-of-strings"
"172","https://stackoverflow.com/questions/19891278/table-of-interactions-case-with-pets-and-houses"
"173","https://stackoverflow.com/questions/5465314/tools-for-making-latex-tables-in-r"
"174","https://stackoverflow.com/questions/10689055/create-an-empty-data-frame"
"175","https://stackoverflow.com/questions/3606697/how-to-set-limits-for-axes-in-ggplot2-r-plots"
"176","https://stackoverflow.com/questions/1826519/how-to-assign-from-a-function-which-returns-more-than-one-value"
"177","https://stackoverflow.com/questions/10904124/global-and-local-variables-in-r"
"178","https://stackoverflow.com/questions/20039335/what-is-the-purpose-of-setting-a-key-in-data-table"
"179","https://stackoverflow.com/questions/4935479/how-to-combine-multiple-conditions-to-subset-a-data-frame-using-or"
"180","https://stackoverflow.com/questions/12774210/how-do-you-specifically-order-ggplot2-x-axis-instead-of-alphabetical-order"
"181","https://stackoverflow.com/questions/19410108/cleaning-up-factor-levels-collapsing-multiple-levels-labels"
"182","https://stackoverflow.com/questions/9713294/split-data-frame-based-on-levels-of-a-factor-into-new-data-frames"
"183","https://stackoverflow.com/questions/24070714/extract-row-corresponding-to-minimum-value-of-a-variable-by-group"
"184","https://stackoverflow.com/questions/10748253/idiomatic-r-code-for-partitioning-a-vector-by-an-index-and-performing-an-operati"
"185","https://stackoverflow.com/questions/7352254/how-to-subset-matrix-to-one-column-maintain-matrix-data-type-maintain-row-colu"
"186","https://stackoverflow.com/questions/14615305/a-similar-function-to-rs-rep-in-matlab"
"187","https://stackoverflow.com/questions/13763216/how-can-i-remove-all-duplicates-so-that-none-are-left-in-a-data-frame-in-r"
"188","https://stackoverflow.com/questions/2151212/how-can-i-read-command-line-parameters-from-an-r-script"
"189","https://stackoverflow.com/questions/8273313/sample-random-rows-in-dataframe"
"190","https://stackoverflow.com/questions/7201341/how-can-2-strings-be-concatenated"
"191","https://stackoverflow.com/questions/2061897/parse-json-with-r"
"192","https://stackoverflow.com/questions/2315601/understanding-the-order-function"
"193","https://stackoverflow.com/questions/12495345/find-indices-of-duplicated-rows"
"194","https://stackoverflow.com/questions/13701347/force-the-origin-to-start-at-0-in-ggplot2-r"
"195","https://stackoverflow.com/questions/7726034/how-r-formats-posixct-with-fractional-seconds"
"196","https://stackoverflow.com/questions/10527072/using-data-table-package-inside-my-own-package"
"197","https://stackoverflow.com/questions/14614306/why-is-the-parallel-package-slower-than-just-using-apply"
"198","https://stackoverflow.com/questions/10659133/local-variables-within-aes"
"199","https://stackoverflow.com/questions/17559390/why-is-using-assign-bad"
"200","https://stackoverflow.com/questions/22756372/collapse-text-by-group-in-data-frame"
"201","https://stackoverflow.com/questions/1169248/r-function-for-testing-if-a-vector-contains-a-given-element"
"202","https://stackoverflow.com/questions/21208801/group-by-multiple-columns-in-dplyr-using-string-vector-input"
"203","https://stackoverflow.com/questions/8637993/better-explanation-of-when-to-use-imports-depends"
"204","https://stackoverflow.com/questions/7611169/intelligent-point-label-placement-in-r"
"205","https://stackoverflow.com/questions/9397664/force-r-not-to-use-exponential-notation-e-g-e10"
"206","https://stackoverflow.com/questions/5293715/how-to-use-greek-symbols-in-ggplot2"
"207","https://stackoverflow.com/questions/6034655/convert-string-to-a-variable-name"
"208","https://stackoverflow.com/questions/4948361/how-do-i-save-warnings-and-errors-as-output-from-a-function"
"209","https://stackoverflow.com/questions/6244217/subsetting-a-dataframe-in-r-by-multiple-conditions"
"210","https://stackoverflow.com/questions/15253954/replace-multiple-letters-with-accents-with-gsub"
"211","https://stackoverflow.com/questions/15347282/split-delimited-strings-in-a-column-and-insert-as-new-rows"
"212","https://stackoverflow.com/questions/18012222/nested-ifelse-statement-in-r"
"213","https://stackoverflow.com/questions/1617061/including-missing-values-in-table-results-in-r"
"214","https://stackoverflow.com/questions/2769510/numeric-comparison-difficulty-in-r"
"215","https://stackoverflow.com/questions/14855246/multiple-use-of-the-positional-operator-to-update-nested-arrays"
"216","https://stackoverflow.com/questions/1401904/painless-way-to-install-a-new-version-of-r"
"217","https://stackoverflow.com/questions/7144118/how-to-save-a-plot-as-image-on-the-disk"
"218","https://stackoverflow.com/questions/21644848/summarizing-multiple-columns-with-dplyr"
"219","https://stackoverflow.com/questions/10449366/levels-what-sorcery-is-this"
"220","https://stackoverflow.com/questions/5587676/pull-out-p-values-and-r-squared-from-a-linear-regression"
"221","https://stackoverflow.com/questions/9749598/extract-month-and-year-from-a-zooyearmon-object"
"222","https://stackoverflow.com/questions/13575180/how-to-change-language-settings-in-r"
"223","https://stackoverflow.com/questions/10520772/in-r-how-to-get-an-objects-name-after-it-is-sent-to-a-function"
"224","https://stackoverflow.com/questions/9083907/how-to-call-an-object-with-the-character-variable-of-the-same-name"
"225","https://stackoverflow.com/questions/31668163/geographic-distance-between-2-lists-of-lat-lon-coordinates"
"226","https://stackoverflow.com/questions/32888757/reading-multiple-files-into-r-best-practice"
"227","https://stackoverflow.com/questions/2547306/generate-multiple-graphics-from-within-an-r-function"
"228","https://stackoverflow.com/questions/16443260/interleave-lists-in-r"
"229","https://stackoverflow.com/questions/22756372/collapse-text-by-group-in-data-frame"
"230","https://stackoverflow.com/questions/2628621/how-do-you-use-scoping-assignment-in-r"
"231","https://stackoverflow.com/questions/17200114/how-to-split-data-into-training-testing-sets-using-sample-function"
"232","https://stackoverflow.com/questions/9216138/find-the-day-of-a-week"
"233","https://stackoverflow.com/questions/14383710/read-fixed-width-text-file"
"234","https://stackoverflow.com/questions/3695677/how-to-find-common-elements-from-multiple-vectors"
"235","https://stackoverflow.com/questions/2209258/merge-several-data-frames-into-one-data-frame-with-a-loop"
"236","https://stackoverflow.com/questions/6289538/aggregate-a-dataframe-on-a-given-column-and-display-another-column"
"237","https://stackoverflow.com/questions/5990654/incomplete-final-line-warning-when-trying-to-read-a-csv-file-into-r"
"238","https://stackoverflow.com/questions/5106782/use-of-ggplot-within-another-function-in-r"
"239","https://stackoverflow.com/questions/26724124/standard-evaluation-in-dplyr-summarise-on-variable-given-as-a-character-string"
"240","https://stackoverflow.com/questions/1181060/reshaping-time-series-data-from-wide-to-tall-format-for-plotting"
"241","https://stackoverflow.com/questions/5746544/r-cut-by-defined-interval"
"242","https://stackoverflow.com/questions/14812246/calculating-statistics-on-subsets-of-data"
"243","https://stackoverflow.com/questions/2288485/how-to-convert-a-data-frame-column-to-numeric-type"
"244","https://stackoverflow.com/questions/8545035/scatterplot-with-marginal-histograms-in-ggplot2"
"245","https://stackoverflow.com/questions/5234117/how-to-drop-columns-by-name-in-a-data-frame"
"246","https://stackoverflow.com/questions/3094866/trimming-a-huge-3-5-gb-csv-file-to-read-into-r"
"247","https://stackoverflow.com/questions/3171426/compare-two-data-frames-to-find-the-rows-in-data-frame-1-that-are-not-present-in"
"248","https://stackoverflow.com/questions/11936339/in-r-replace-text-within-a-string"
"249","https://stackoverflow.com/questions/9789871/method-to-extract-stat-smooth-line-fit"
"250","https://stackoverflow.com/questions/4951442/formula-with-dynamic-number-of-variables"
"251","https://stackoverflow.com/questions/9547518/create-a-data-frame-where-a-column-is-a-list"
"252","https://stackoverflow.com/questions/10014187/displaying-text-below-the-plot-generated-by-ggplot2"
"253","https://stackoverflow.com/questions/6947587/matching-a-string-with-different-possibilities-using-grep"
"254","https://stackoverflow.com/questions/18165863/multirow-axis-labels-with-nested-grouping-variables"
"255","https://stackoverflow.com/questions/27662162/error-in-my-code-target-of-assignment-expands-to-non-language-object"
"256","https://stackoverflow.com/questions/8212699/group-by-multiple-columns-and-sum-other-multiple-columns"
"257","https://stackoverflow.com/questions/7976001/adding-a-column-of-means-by-group-to-original-data"
"258","https://stackoverflow.com/questions/13649473/add-a-common-legend-for-combined-ggplots"
"259","https://stackoverflow.com/questions/6467277/proxy-setting-for-r"
"260","https://stackoverflow.com/questions/3412911/r-exe-rcmd-exe-rscript-exe-and-rterm-exe-whats-the-difference"
"261","https://stackoverflow.com/questions/27004002/eachi-in-data-table"
"262","https://stackoverflow.com/questions/2209258/merge-several-data-frames-into-one-data-frame-with-a-loop"
"263","https://stackoverflow.com/questions/15790743/data-table-meta-programming"
"264","https://stackoverflow.com/questions/6289538/aggregate-a-dataframe-on-a-given-column-and-display-another-column"
"265","https://stackoverflow.com/questions/3744178/ggplot2-sorting-a-plot"
"266","https://stackoverflow.com/questions/6017460/position-geom-text-on-dodged-barplot"
"267","https://stackoverflow.com/questions/10807804/offline-install-of-r-package-and-dependencies"
"268","https://stackoverflow.com/questions/14454476/get-the-difference-between-dates-in-terms-of-weeks-months-quarters-and-years"
"269","https://stackoverflow.com/questions/20571306/multi-row-x-axis-labels-in-ggplot-line-chart"
"270","https://stackoverflow.com/questions/29775461/how-can-i-spread-repeated-measures-of-multiple-variables-into-wide-format"
"271","https://stackoverflow.com/questions/1502910/how-can-i-count-runs-in-a-sequence"
"272","https://stackoverflow.com/questions/24119599/how-to-assign-a-unique-id-number-to-each-group-of-identical-values-in-a-column"
"273","https://stackoverflow.com/questions/8613237/extract-info-inside-all-parenthesis-in-r"
"274","https://stackoverflow.com/questions/12840294/counting-unique-distinct-values-by-group-in-a-data-frame"
"275","https://stackoverflow.com/questions/8333838/generate-a-sequence-of-the-last-day-of-the-month-over-two-years"
"276","https://stackoverflow.com/questions/16951080/can-lists-be-created-that-name-themselves-based-on-input-object-names"
"277","https://stackoverflow.com/questions/18989001/how-can-i-put-a-transformed-scale-on-the-right-side-of-a-ggplot2"
"278","https://stackoverflow.com/questions/6290605/load-r-package-from-character-string"
"279","https://stackoverflow.com/questions/21807987/calculate-the-mean-for-each-column-of-a-matrix-in-r"
"280","https://stackoverflow.com/questions/39262534/fitting-a-linear-model-with-multiple-lhs"
"281","https://stackoverflow.com/questions/18895020/frequency-counts-in-r"
"282","https://stackoverflow.com/questions/1249548/side-by-side-plots-with-ggplot2"
"283","https://stackoverflow.com/questions/6262203/measuring-function-execution-time-in-r"
"284","https://stackoverflow.com/questions/2453326/fastest-way-to-find-second-third-highest-lowest-value-in-vector-or-column"
"285","https://stackoverflow.com/questions/6902087/proper-fastest-way-to-reshape-a-data-table"
"286","https://stackoverflow.com/questions/24576515/relative-frequencies-proportions-with-dplyr"
"287","https://stackoverflow.com/questions/2885660/how-to-send-email-with-attachment-from-r-in-windows"
"288","https://stackoverflow.com/questions/14604439/plot-multiple-boxplot-in-one-graph"
"289","https://stackoverflow.com/questions/11889625/annotating-text-on-individual-facet-in-ggplot2"
"290","https://stackoverflow.com/questions/15759117/what-exactly-is-copy-on-modify-semantics-in-r-and-where-is-the-canonical-source"
"291","https://stackoverflow.com/questions/5319839/read-multiple-csv-files-into-separate-data-frames"
"292","https://stackoverflow.com/questions/6313079/quit-and-restart-a-clean-r-session-from-within-r"
"293","https://stackoverflow.com/questions/1395410/how-to-print-r-graphics-to-multiple-pages-of-a-pdf-and-multiple-pdfs"
"294","https://stackoverflow.com/questions/18046051/setting-individual-axis-limits-with-facet-wrap-and-scales-free-in-ggplot2"
"295","https://stackoverflow.com/questions/26917689/how-to-use-facets-with-a-dual-y-axis-ggplot"
"296","https://stackoverflow.com/questions/18201074/find-how-many-times-duplicated-rows-repeat-in-r-data-frame"
"297","https://stackoverflow.com/questions/21308436/dplyr-filter-get-rows-with-minimum-of-variable-but-only-the-first-if-multiple"
"298","https://stackoverflow.com/questions/12410908/combine-legends-for-color-and-shape-into-a-single-legend"
"299","https://stackoverflow.com/questions/16947643/getting-imported-json-data-into-a-data-frame-in-r"
"300","https://stackoverflow.com/questions/14570293/special-variables-in-ggplot-count-density-etc"
"301","https://stackoverflow.com/questions/10921791/melt-reshape-in-excel-using-vba"
"302","https://stackoverflow.com/questions/11020437/consistent-width-for-geom-bar-in-the-event-of-missing-data"
"303","https://stackoverflow.com/questions/6862742/draw-a-circle-with-ggplot2"
"304","https://stackoverflow.com/questions/15201305/how-to-convert-a-list-consisting-of-vector-of-different-lengths-to-a-usable-data"
"305","https://stackoverflow.com/questions/6112803/how-to-create-a-consecutive-index-based-on-a-grouping-variable-in-a-dataframe"
"306","https://stackoverflow.com/questions/27464893/getting-warning-newdata-had-1-row-but-variables-found-have-32-rows-on-pred"
"307","https://stackoverflow.com/questions/3991905/sum-rows-in-data-frame-or-matrix"
"308","https://stackoverflow.com/questions/3079415/define-right-parameter-with-a-variable-in-r"
"309","https://stackoverflow.com/questions/33051386/dcast-restructuring-from-long-to-wide-format-not-working"
"310","https://stackoverflow.com/questions/12135971/identify-groups-of-linked-episodes-which-chain-together"
"311","https://stackoverflow.com/questions/12773822/why-does-xy-join-of-data-tables-not-allow-a-full-outer-join-or-a-left-join"
"312","https://stackoverflow.com/questions/5453336/plot-correlation-matrix-into-a-graph"
"313","https://stackoverflow.com/questions/3472980/ggplot-how-to-change-facet-labels"
"314","https://stackoverflow.com/questions/11335836/increase-number-of-axis-ticks"
"315","https://stackoverflow.com/questions/15673550/why-is-rbindlist-better-than-rbind"
"316","https://stackoverflow.com/questions/8855589/a-comprehensive-survey-of-the-types-of-things-in-r-mode-and-class-and-type"
"317","https://stackoverflow.com/questions/2622777/exception-handling-in-r"
"318","https://stackoverflow.com/questions/6364783/capitalize-the-first-letter-of-both-words-in-a-two-word-string"
"319","https://stackoverflow.com/questions/9068397/import-text-file-as-single-character-string"
"320","https://stackoverflow.com/questions/4954507/calculate-the-area-under-a-curve"
"321","https://stackoverflow.com/questions/5388832/how-to-get-a-vertical-geom-vline-to-an-x-axis-of-class-date"
"322","https://stackoverflow.com/questions/7519790/assign-multiple-new-variables-on-lhs-in-a-single-line-in-r"
"323","https://stackoverflow.com/questions/2603184/r-pass-by-reference"
"324","https://stackoverflow.com/questions/22959635/remove-duplicated-rows-using-dplyr"
"325","https://stackoverflow.com/questions/13297155/add-floating-axis-labels-in-facet-wrap-plot"
"326","https://stackoverflow.com/questions/2150138/how-to-parse-milliseconds"
"327","https://stackoverflow.com/questions/4798343/convert-factor-to-integer"
"328","https://stackoverflow.com/questions/2458013/what-ways-are-there-to-edit-a-function-in-r"
"329","https://stackoverflow.com/questions/1335830/why-cant-rs-ifelse-statements-return-vectors"
"330","https://stackoverflow.com/questions/21815060/dplyr-how-to-use-group-by-inside-a-function"
"331","https://stackoverflow.com/questions/9847054/how-to-get-summary-statistics-by-group"
"332","https://stackoverflow.com/questions/2247045/chopping-a-string-into-a-vector-of-fixed-width-character-elements"
"333","https://stackoverflow.com/questions/12386005/r-stacked-percentage-bar-plot-with-percentage-of-binary-factor-and-labels-with"
"334","https://stackoverflow.com/questions/4189807/only-keep-min-value-for-each-factor-level"
"335","https://stackoverflow.com/questions/9916283/twitter-roauth-and-windows-register-ok-but-certificate-verify-failed"
"336","https://stackoverflow.com/questions/14719349/error-c-stack-usage-is-too-close-to-the-limit"
"337","https://stackoverflow.com/questions/24536154/what-does-mean-in-r"
"338","https://stackoverflow.com/questions/5490638/how-to-change-the-order-of-facet-labels-in-ggplot-custom-facet-wrap-labels"
"339","https://stackoverflow.com/questions/11388359/unique-combination-of-all-elements-from-two-or-more-vectors"
"340","https://stackoverflow.com/questions/2053397/long-bigint-decimal-equivalent-datatype-in-r"
"341","https://stackoverflow.com/questions/520810/does-r-have-quote-like-operators-like-perls-qw"
"342","https://stackoverflow.com/questions/14855246/multiple-use-of-the-positional-operator-to-update-nested-arrays"
"343","https://stackoverflow.com/questions/27237835/how-to-strsplit-different-number-of-strings-in-certain-column-by-do-function"
"344","https://stackoverflow.com/questions/37809094/create-group-names-for-consecutive-values"
"345","https://stackoverflow.com/questions/2050790/how-to-correctly-use-lists-in-r"
"346","https://stackoverflow.com/questions/6081439/changing-column-names-of-a-data-frame"
"347","https://stackoverflow.com/questions/10085806/extracting-specific-columns-from-a-data-frame"
"348","https://stackoverflow.com/questions/7714677/r-scatterplot-with-too-many-points"
"349","https://stackoverflow.com/questions/6286313/remove-an-entire-column-from-a-data-frame-in-r"
"350","https://stackoverflow.com/questions/102056/how-to-search-for-r-materials"
"351","https://stackoverflow.com/questions/11680579/assign-multiple-columns-using-in-data-table-by-group"
"352","https://stackoverflow.com/questions/14604435/turning-off-some-legends-in-a-ggplot"
"353","https://stackoverflow.com/questions/2098368/concatenate-a-vector-of-strings-character"
"354","https://stackoverflow.com/questions/21818181/applying-a-function-to-every-row-of-a-table-using-dplyr"
"355","https://stackoverflow.com/questions/3796266/change-the-class-from-numeric-to-factor-of-many-columns-in-a-data-frame"
"356","https://stackoverflow.com/questions/14680075/simpler-population-pyramid-in-ggplot2"
"357","https://stackoverflow.com/questions/16819956/invalid-factor-level-na-generated"
"358","https://stackoverflow.com/questions/2540129/lattice-multiple-plots-in-one-window"
"359","https://stackoverflow.com/questions/11977102/order-data-frame-rows-according-to-a-target-vector-that-specifies-the-desired-or"
"360","https://stackoverflow.com/questions/9665984/how-to-delete-multiple-values-from-a-vector"
"361","https://stackoverflow.com/questions/19379081/how-to-replace-na-values-in-a-table-for-selected-columns-data-frame-data-tab"
"362","https://stackoverflow.com/questions/17148679/construct-a-manual-legend-for-a-complicated-plot"
"363","https://stackoverflow.com/questions/4124900/is-there-a-way-to-use-two-statements-in-a-function-in-r"
"364","https://stackoverflow.com/questions/14755425/what-are-the-standard-unambiguous-date-formats"
"365","https://stackoverflow.com/questions/14568662/paste-multiple-columns-together"
"366","https://stackoverflow.com/questions/25664007/reorder-bars-in-geom-bar-ggplot2"
"367","https://stackoverflow.com/questions/28987622/starting-shiny-app-after-password-input"
"368","https://stackoverflow.com/questions/8139677/how-to-flatten-a-list-to-a-list-without-coercion"
"369","https://stackoverflow.com/questions/26492280/non-standard-evaluation-nse-in-dplyrs-filter-pulling-data-from-mysql"
"370","https://stackoverflow.com/questions/19339296/plotting-contours-on-an-irregular-grid"
"371","https://stackoverflow.com/questions/9563368/create-stacked-barplot-where-each-stack-is-scaled-to-sum-to-100"
"372","https://stackoverflow.com/questions/12982528/how-to-create-an-r-function-programmatically"
"373","https://stackoverflow.com/questions/13279582/select-only-the-first-rows-for-each-unique-value-of-a-column-in-r"
"374","https://stackoverflow.com/questions/19612348/break-x-axis-in-r"
"375","https://stackoverflow.com/questions/17325521/r-shiny-display-loading-message-while-function-is-running"
"376","https://stackoverflow.com/questions/6988184/combining-two-data-frames-of-different-lengths"
"377","https://stackoverflow.com/questions/5700505/windows-7-update-packages-problem-unable-to-move-temporary-installation"
"378","https://stackoverflow.com/questions/1837968/how-to-tell-what-is-in-one-vector-and-not-another"
"379","https://stackoverflow.com/questions/14720983/efficiently-generate-a-random-sample-of-times-and-dates-between-two-dates"
"380","https://stackoverflow.com/questions/27125672/what-does-function-mean-in-r"
"381","https://stackoverflow.com/questions/17697239/unlist-a-list-of-dataframes"
"382","https://stackoverflow.com/questions/5886018/using-unicode-dingbat-like-glyphs-in-r-graphics-across-devices-platforms-e"
"383","https://stackoverflow.com/questions/3699405/how-to-cbind-or-rbind-different-lengths-vectors-without-repeating-the-elements-o"
"384","https://stackoverflow.com/questions/25376197/split-up-arguments-and-distribute-to-multiple-functions"
"385","https://stackoverflow.com/questions/44015838/cant-download-data-from-yahoo-finance-using-quantmod-in-r"
"386","https://stackoverflow.com/questions/23640594/reading-multiple-files-and-calculating-mean-based-on-user-input"
"387","https://stackoverflow.com/questions/14363085/invalid-multibyte-string-in-read-csv"
"388","https://stackoverflow.com/questions/10917532/memory-allocation-error-cannot-allocate-vector-of-size-75-1-mb"
"389","https://stackoverflow.com/questions/24803361/expand-rows-by-date-range-using-start-and-end-date"
"390","https://stackoverflow.com/questions/16184188/ggplot-facet-piechart-placing-text-in-the-middle-of-pie-chart-slices"
"391","https://stackoverflow.com/questions/7666807/anova-test-fails-on-lme-fits-created-with-pasted-formula"
"392","https://stackoverflow.com/questions/12688717/round-up-from-5-in-r"
"393","https://stackoverflow.com/questions/15575221/why-does-strsplit-use-positive-lookahead-and-lookbehind-assertion-matches-differ"
"394","https://stackoverflow.com/questions/5570293/adding-column-which-contains-bin-value-of-another-column"
"395","https://stackoverflow.com/questions/23026145/how-to-number-label-data-table-by-group-number-from-group-by"
"396","https://stackoverflow.com/questions/4879377/r-masked-functions"
"397","https://stackoverflow.com/questions/13059083/why-and-where-are-n-newline-characters-getting-introduced-to-c"
"398","https://stackoverflow.com/questions/19647875/select-equivalent-rows-a-b-b-a"
"399","https://stackoverflow.com/questions/1330989/rotating-and-spacing-axis-labels-in-ggplot2"
"400","https://stackoverflow.com/questions/2470248/write-lines-of-text-to-a-file-in-r"
"401","https://stackoverflow.com/questions/1535021/whats-the-biggest-r-gotcha-youve-run-across"
"402","https://stackoverflow.com/questions/15059076/call-apply-like-function-on-each-row-of-dataframe-with-multiple-arguments-from-e"
"403","https://stackoverflow.com/questions/1395105/getting-latex-into-r-plots"
"404","https://stackoverflow.com/questions/2617600/importing-data-from-a-json-file-into-r"
"405","https://stackoverflow.com/questions/24459752/can-dplyr-package-be-used-for-conditional-mutating"
"406","https://stackoverflow.com/questions/9564489/opening-all-files-in-a-folder-and-applying-a-function"
"407","https://stackoverflow.com/questions/13383840/select-multiple-columns-in-data-table-by-location"
"408","https://stackoverflow.com/questions/8266915/format-number-as-fixed-width-with-leading-zeros"
"409","https://stackoverflow.com/questions/14976331/use-of-tilde-in-r-programming-language"
"410","https://stackoverflow.com/questions/5992082/how-to-remove-all-whitespace-from-a-string"
"411","https://stackoverflow.com/questions/7262485/options-for-caching-memoization-hashing-in-r"
"412","https://stackoverflow.com/questions/3550341/gantt-charts-with-r"
"413","https://stackoverflow.com/questions/15248815/rgdal-package-installation"
"414","https://stackoverflow.com/questions/3785089/change-the-spacing-of-tick-marks-on-the-axis-of-a-plot"
"415","https://stackoverflow.com/questions/7706876/remove-na-values-from-a-vector"
"416","https://stackoverflow.com/questions/1568511/how-do-i-sort-one-vector-based-on-values-of-another"
"417","https://stackoverflow.com/questions/1376967/using-stat-function-and-facet-wrap-together-in-ggplot2-in-r"
"418","https://stackoverflow.com/questions/7096989/how-to-save-all-console-output-to-file-in-r"
"419","https://stackoverflow.com/questions/4222476/display-a-time-clock-in-the-r-command-line"
"420","https://stackoverflow.com/questions/12018499/how-to-put-labels-over-geom-bar-for-each-bar-in-r-with-ggplot2"
"421","https://stackoverflow.com/questions/18394391/r-custom-legend-for-multiple-layer-ggplot"
"422","https://stackoverflow.com/questions/15396755/using-loops-with-knitr-to-produce-multiple-pdf-reports-need-a-little-help-to"
"423","https://stackoverflow.com/questions/2181902/how-to-use-an-image-as-a-point-in-ggplot"
"424","https://stackoverflow.com/questions/6778908/transpose-a-data-frame"
"425","https://stackoverflow.com/questions/6216968/r-force-local-scope"
"426","https://stackoverflow.com/questions/2067098/how-to-transform-xml-data-into-a-data-frame"
"427","https://stackoverflow.com/questions/3979240/r-plotting-a-3d-surface-from-x-y-z"
"428","https://stackoverflow.com/questions/15875786/dynamically-add-plots-to-web-page-using-shiny"
"429","https://stackoverflow.com/questions/13734368/ggplot2-and-a-stacked-bar-chart-with-negative-values"
"430","https://stackoverflow.com/questions/3452086/getting-path-of-an-r-script"
"431","https://stackoverflow.com/questions/17370853/align-ggplot2-plots-vertically"
"432","https://stackoverflow.com/questions/10438969/fastest-way-to-add-rows-for-missing-values-in-a-data-frame"
"433","https://stackoverflow.com/questions/10758965/how-do-i-rename-files-using-r"
"434","https://stackoverflow.com/questions/27766054/getting-the-top-values-by-group"
"435","https://stackoverflow.com/questions/26210317/installation-of-rodbc-roracle-packages-on-os-x-mavericks"
"436","https://stackoverflow.com/questions/29583849/r-saving-a-plot-in-an-object"
"437","https://stackoverflow.com/questions/24715894/faster-way-to-read-fixed-width-files-in-r"
"438","https://stackoverflow.com/questions/35179151/cannot-load-r-xlsx-package-on-mac-os-10-11"
"439","https://stackoverflow.com/questions/5468280/scale-a-series-between-two-points"
"440","https://stackoverflow.com/questions/23087358/why-is-allow-cartesian-required-at-times-when-when-joining-data-tables-with-dupl"
"441","https://stackoverflow.com/questions/10617702/remove-part-of-string-after"
"442","https://stackoverflow.com/questions/13649019/split-time-series-data-into-time-intervals-say-an-hour-and-then-plot-the-count"
"443","https://stackoverflow.com/questions/16347731/how-to-change-the-locale-of-r-in-rstudio"
"444","https://stackoverflow.com/questions/19553005/data-table-join-then-add-columns-to-existing-data-frame-without-re-copy"
"445","https://stackoverflow.com/questions/23479512/stratified-random-sampling-from-data-frame-in-r"
"446","https://stackoverflow.com/questions/8096313/no-visible-binding-for-global-variable-note-in-r-cmd-check"
"447","https://stackoverflow.com/questions/10002627/ggplot2-0-9-0-automatically-dropping-unused-factor-levels-from-plot-legend"
"448","https://stackoverflow.com/questions/10834382/ggplot2-keep-unused-levels-barplot"
"449","https://stackoverflow.com/questions/1882734/what-is-your-favorite-r-debugging-trick"
"450","https://stackoverflow.com/questions/26308072/operator-inconsistent-in-logical-columns-in-data-table"
"451","https://stackoverflow.com/questions/12044616/alternate-interweave-or-interlace-two-vectors"
"452","https://stackoverflow.com/questions/4090169/elegant-way-to-check-for-missing-packages-and-install-them"
"453","https://stackoverflow.com/questions/2436688/append-an-object-to-a-list-in-r-in-amortized-constant-time-o1"
"454","https://stackoverflow.com/questions/14260340/function-to-clear-the-console-in-r"
"455","https://stackoverflow.com/questions/7963898/extracting-the-last-n-characters-from-a-string-in-r"
"456","https://stackoverflow.com/questions/1309263/rolling-median-algorithm-in-c"
"457","https://stackoverflow.com/questions/5824173/replace-a-value-in-a-data-frame-based-on-a-conditional-if-statement-in-r"
"458","https://stackoverflow.com/questions/17059099/saving-grid-arrange-plot-to-file"
"459","https://stackoverflow.com/questions/9521651/r-and-object-oriented-programming"
"460","https://stackoverflow.com/questions/9968433/sankey-diagrams-in-r"
"461","https://stackoverflow.com/questions/8936099/returning-multiple-objects-in-an-r-function"
"462","https://stackoverflow.com/questions/27027347/mutate-each-summarise-each-in-dplyr-how-do-i-select-certain-columns-and-give"
"463","https://stackoverflow.com/questions/31528981/select-first-and-last-row-from-grouped-data"
"464","https://stackoverflow.com/questions/16356052/control-ggplot2-legend-look-without-affecting-the-plot"
"465","https://stackoverflow.com/questions/25599943/unable-to-install-packages-in-latest-version-of-rstudio-and-r-version-3-1-1"
"466","https://stackoverflow.com/questions/1467201/forcing-garbage-collection-to-run-in-r-with-the-gc-command"
"467","https://stackoverflow.com/questions/11486369/growing-a-data-frame-in-a-memory-efficient-manner"
"468","https://stackoverflow.com/questions/23449319/yaml-current-date-in-rmarkdown"
"469","https://stackoverflow.com/questions/20637248/shiny-4-small-textinput-boxes-side-by-side"
"470","https://stackoverflow.com/questions/8700619/get-specific-object-from-rdata-file"
"471","https://stackoverflow.com/questions/3492379/data-frame-rows-to-a-list"
"472","https://stackoverflow.com/questions/4560459/all-levels-of-a-factor-in-a-model-matrix-in-r"
"473","https://stackoverflow.com/questions/16255579/how-can-i-make-consistent-width-plots-in-ggplot-with-legends"
"474","https://stackoverflow.com/questions/21465411/r-shiny-passing-reactive-to-selectinput-choices"
"475","https://stackoverflow.com/questions/11724311/how-to-add-a-ggplot2-subtitle-with-different-size-and-colour"
"476","https://stackoverflow.com/questions/16513827/r-summarizing-multiple-columns-with-data-table"
"477","https://stackoverflow.com/questions/5526322/examples-of-the-perils-of-globals-in-r-and-stata"
"478","https://stackoverflow.com/questions/17180115/manually-setting-group-colors-for-ggplot2"
"479","https://stackoverflow.com/questions/7906332/how-to-calculate-combination-and-permutation-in-r"
"480","https://stackoverflow.com/questions/6819804/how-to-convert-a-matrix-to-a-list-of-column-vectors-in-r"
"481","https://stackoverflow.com/questions/22945651/how-to-remove-space-between-axis-area-plot-in-ggplot2"
"482","https://stackoverflow.com/questions/11714951/remove-extra-legends-in-ggplot2"
"483","https://stackoverflow.com/questions/15458526/r-pass-variable-column-indices-to-ggplot2"
"484","https://stackoverflow.com/questions/4973898/combining-paste-and-expression-functions-in-plot-labels"
"485","https://stackoverflow.com/questions/11344561/controlling-line-color-and-line-type-in-ggplot-legend"
"486","https://stackoverflow.com/questions/11563154/what-are-replacement-functions-in-r"
"487","https://stackoverflow.com/questions/14800161/how-to-find-the-top-n-values-by-group-or-within-category-groupwise-in-an-r-dat"
"488","https://stackoverflow.com/questions/14958516/looping-through-all-files-in-directory-in-r-applying-multiple-commands"
"489","https://stackoverflow.com/questions/18527051/split-a-large-dataframe-into-a-list-of-data-frames-based-on-common-value-in-colu"
"490","https://stackoverflow.com/questions/9614433/creating-radar-chart-a-k-a-star-plot-spider-plot-using-ggplot2-in-r"
"491","https://stackoverflow.com/questions/3445590/how-to-extract-a-subset-of-a-data-frame-based-on-a-condition-involving-a-field"
"492","https://stackoverflow.com/questions/15063287/add-error-bars-to-show-standard-deviation-on-a-plot-in-r"
"493","https://stackoverflow.com/questions/19470426/r-shiny-add-tabpanel-to-tabsetpanel-dynamically-with-the-use-of-renderui"
"494","https://stackoverflow.com/questions/11095992/generating-all-distinct-permutations-of-a-list-in-r"
"495","https://stackoverflow.com/questions/24771165/r-project-no-applicable-method-for-meta-applied-to-an-object-of-class-charact"
"496","https://stackoverflow.com/questions/5479822/plot-4-curves-in-a-single-plot-with-3-y-axes"
"497","https://stackoverflow.com/questions/29511215/convert-row-names-into-first-column"
"498","https://stackoverflow.com/questions/5688082/ggplot2-overlay-histogram-with-density-curve"
"499","https://stackoverflow.com/questions/11979017/changing-facet-label-to-math-formula-in-ggplot2"
"500","https://stackoverflow.com/questions/25960394/spread-with-data-frame-tibble-with-duplicate-identifiers"
